src_ip,dst_ip,protocol,num_packets,bytes_total,iat_median
192.168.1.1,224.0.0.1,IGMP,3,176,0.0
192.168.1.39,224.0.0.251,IGMP,2,92,7.27061
192.168.1.39,239.255.255.250,IGMP,2,92,7.27064
192.168.1.41,34.107.221.82,TCP,8,528,4e-05
34.107.221.82,192.168.1.41,TCP,6,396,1e-05
