,FlowID,Prediction,Probability
0,0,0,0.046765372
1,1,0,0.004970634
2,2,1,0.50134724
3,3,1,0.5203178
4,4,0,7.5732176e-05
5,5,0,0.004970634
6,6,0,0.14280814
7,7,0,0.0007777995
8,8,0,0.16066314
9,9,0,0.09651839
10,10,0,0.046765372
11,11,0,0.16066314
12,12,0,0.4364705
13,13,0,0.09688901
14,14,0,0.019905053
15,15,1,0.9121916
16,16,0,0.3141537
17,17,0,0.0020842687
18,18,0,0.0020842687
19,19,0,0.47046155
